<?xml version="1.0" encoding="UTF-8"?>
<project-private xmlns="http://www.netbeans.org/ns/project-private/1">
    <editor-bookmarks xmlns="http://www.netbeans.org/ns/editor-bookmarks/2" lastBookmarkId="0"/>
    <open-files xmlns="http://www.netbeans.org/ns/projectui-open-files/2">
        <group>
            <file>file:/C:/Users/QI/Documents/NetBeansProjects/piemonte_proj/web/registro.html</file>
            <file>file:/C:/Users/QI/Documents/NetBeansProjects/piemonte_proj/src/java/database/CategoriaDAO.java</file>
            <file>file:/C:/Users/QI/Documents/NetBeansProjects/piemonte_proj/src/java/database/PratoDAO.java</file>
            <file>file:/C:/Users/QI/Documents/NetBeansProjects/piemonte_proj/src/java/controller/UsuarioController.java</file>
            <file>file:/C:/Users/QI/Documents/NetBeansProjects/piemonte_proj/web/inicio.jsp</file>
            <file>file:/C:/Users/QI/Documents/NetBeansProjects/piemonte_proj/src/java/model/Pedidos.java</file>
            <file>file:/C:/Users/QI/Documents/NetBeansProjects/piemonte_proj/src/java/model/Usuario.java</file>
            <file>file:/C:/Users/QI/Documents/NetBeansProjects/piemonte_proj/web/editar.jsp</file>
            <file>file:/C:/Users/QI/Documents/NetBeansProjects/piemonte_proj/web/teste.jsp</file>
            <file>file:/C:/Users/QI/Documents/NetBeansProjects/piemonte_proj/src/java/database/PedidosDAO.java</file>
        </group>
    </open-files>
</project-private>
